編號,重劃區名稱,鄉鎮市區,地段,地號,土地面積(m2),使用分區,縣市,coordinate,id,DBSCAN,group_id,group_center,refer_point1,refer_point2,refer_point3,refer_point4
1,中路重劃區,桃園區,中路二段,101,4316.15,住宅區,桃園市,"25.000471658160546,121.29036605358648",1,0,0,"25.000307572354153,121.2902875989696","25.027390153724614,121.2902875989696","24.97322499098369,121.2902875989696","25.000307572354153,121.31999577959479","25.000307572354153,121.2605794183444"
1,中路重劃區,桃園區,中路二段,103,1532.84,住宅區,桃園市,"25.00014348654776,121.29020914435272",2,0,0,"25.000307572354153,121.2902875989696","25.027390153724614,121.2902875989696","24.97322499098369,121.2902875989696","25.000307572354153,121.31999577959479","25.000307572354153,121.2605794183444"
3,中正五街重劃區,桃園區,長安段,1,1126.0,住宅區,桃園市,"25.004988182855268,121.30166485906102",3,1,1,"25.00505290306032,121.30139462649744","25.032135484430782,121.30139462649744","24.97797032168986,121.30139462649744","25.00505290306032,121.33110280712263","25.00505290306032,121.27168644587225"
3,中正五街重劃區,桃園區,長安段,10,121.0,住宅區,桃園市,"25.00480708750904,121.30133762956385",4,1,1,"25.00505290306032,121.30139462649744","25.032135484430782,121.30139462649744","24.97797032168986,121.30139462649744","25.00505290306032,121.33110280712263","25.00505290306032,121.27168644587225"
3,中正五街重劃區,桃園區,長安段,13,890.0,住宅區,桃園市,"25.005087845950968,121.30137786268894",5,1,1,"25.00505290306032,121.30139462649744","25.032135484430782,121.30139462649744","24.97797032168986,121.30139462649744","25.00505290306032,121.33110280712263","25.00505290306032,121.27168644587225"
3,中正五街重劃區,桃園區,埔子段埔子小段,1913-1,740.0,住宅區,桃園市,"25.00516806253114,121.30114451050764",6,1,1,"25.00505290306032,121.30139462649744","25.032135484430782,121.30139462649744","24.97797032168986,121.30139462649744","25.00505290306032,121.33110280712263","25.00505290306032,121.27168644587225"
3,中正五街重劃區,桃園區,埔子段埔子小段,1913-199,46.0,住宅區,桃園市,"25.00514618528704,121.3009701669146",7,1,1,"25.00505290306032,121.30139462649744","25.032135484430782,121.30139462649744","24.97797032168986,121.30139462649744","25.00505290306032,121.33110280712263","25.00505290306032,121.27168644587225"
3,中正五街重劃區,桃園區,埔子段埔子小段,1913-200,108.0,住宅區,桃園市,"25.00508419974163,121.30095273255527",8,1,1,"25.00505290306032,121.30139462649744","25.032135484430782,121.30139462649744","24.97797032168986,121.30139462649744","25.00505290306032,121.33110280712263","25.00505290306032,121.27168644587225"
3,中正五街重劃區,桃園區,埔子段埔子小段,1913-151,178.0,住宅區,桃園市,"25.0050453068349,121.3018700480431",9,1,1,"25.00505290306032,121.30139462649744","25.032135484430782,121.30139462649744","24.97797032168986,121.30139462649744","25.00505290306032,121.33110280712263","25.00505290306032,121.27168644587225"
3,中正五街重劃區,桃園區,埔子段埔子小段,1913-177,128.0,道路,桃園市,"25.00509635377257,121.30183920264508",10,1,1,"25.00505290306032,121.30139462649744","25.032135484430782,121.30139462649744","24.97797032168986,121.30139462649744","25.00505290306032,121.33110280712263","25.00505290306032,121.27168644587225"
4,大竹市地重劃,蘆竹區,大新段,106,464.64,住宅區,桃園市,"25.01774440193183,121.26254618167606",11,2,2,"25.017643938897432,121.26184836029923","25.044726520267893,121.26184836029923","24.99056135752697,121.26184836029923","25.017643938897432,121.29155654092442","25.017643938897432,121.23214017967403"
4,大竹市地重劃,蘆竹區,大新段,116,356.35,住宅區,桃園市,"25.01767026995952,121.26219213009249",12,2,2,"25.017643938897432,121.26184836029923","25.044726520267893,121.26184836029923","24.99056135752697,121.26184836029923","25.017643938897432,121.29155654092442","25.017643938897432,121.23214017967403"
4,大竹市地重劃,蘆竹區,大新段,118,322.12,住宅區,桃園市,"25.0176253046431,121.26190781592813",13,2,2,"25.017643938897432,121.26184836029923","25.044726520267893,121.26184836029923","24.99056135752697,121.26184836029923","25.017643938897432,121.29155654092442","25.017643938897432,121.23214017967403"
4,大竹市地重劃,蘆竹區,大新段,160,516.24,住宅區,桃園市,"25.017716450537872,121.2615698576",14,2,2,"25.017643938897432,121.26184836029923","25.044726520267893,121.26184836029923","24.99056135752697,121.26184836029923","25.017643938897432,121.29155654092442","25.017643938897432,121.23214017967403"
4,大竹市地重劃,蘆竹區,大新段,161,254.11,住宅區,桃園市,"25.01757304763241,121.26156046986388",15,2,2,"25.017643938897432,121.26184836029923","25.044726520267893,121.26184836029923","24.99056135752697,121.26184836029923","25.017643938897432,121.29155654092442","25.017643938897432,121.23214017967403"
4,大竹市地重劃,蘆竹區,大新段,163,244.68,住宅區,桃園市,"25.017534158679847,121.2613137066349",16,2,2,"25.017643938897432,121.26184836029923","25.044726520267893,121.26184836029923","24.99056135752697,121.26184836029923","25.017643938897432,121.29155654092442","25.017643938897432,121.23214017967403"
6,大湳市地重劃,八德區,大福段,597,216.88,住宅區,桃園市,"24.972514372294818,121.29762679339258",17,3,3,"24.971490166877924,121.2975676051742","24.998572748248385,121.2975676051742","24.944407585507463,121.2975676051742","24.971490166877924,121.32727578579939","24.971490166877924,121.267859424549"
6,大湳市地重劃,八德區,大福段,602,522.85,商業區,桃園市,"24.971927175618664,121.29822090268584",18,3,3,"24.971490166877924,121.2975676051742","24.998572748248385,121.2975676051742","24.944407585507463,121.2975676051742","24.971490166877924,121.32727578579939","24.971490166877924,121.267859424549"
6,大湳市地重劃,八德區,大福段,625,609.87,住宅區,桃園市,"24.97002895272029,121.29685511944416",19,3,3,"24.971490166877924,121.2975676051742","24.998572748248385,121.2975676051742","24.944407585507463,121.2975676051742","24.971490166877924,121.32727578579939","24.971490166877924,121.267859424549"
7,高鐵桃園站特區,中壢區,青平段,25,3882.49,商業區,桃園市,"25.01058742196951,121.2142892181855",20,4,4,"25.00925279620425,121.21669381857234","25.036335377574712,121.21669381857234","24.98217021483379,121.21669381857234","25.00925279620425,121.24640199919753","25.00925279620425,121.18698563794715"
7,高鐵桃園站特區,中壢區,青平段,26,4001.53,商業區,桃園市,"25.01015961848116,121.21455341577382",21,4,4,"25.00925279620425,121.21669381857234","25.036335377574712,121.21669381857234","24.98217021483379,121.21669381857234","25.00925279620425,121.24640199919753","25.00925279620425,121.18698563794715"
7,高鐵桃園站特區,中壢區,青平段,48,3780.54,商業區,桃園市,"25.008400990185876,121.21631026268",22,4,4,"25.00925279620425,121.21669381857234","25.036335377574712,121.21669381857234","24.98217021483379,121.21669381857234","25.00925279620425,121.24640199919753","25.00925279620425,121.18698563794715"
7,高鐵桃園站特區,中壢區,青平段,51,3816.93,商業區,桃園市,"25.00804853228064,121.21595621109644",23,4,4,"25.00925279620425,121.21669381857234","25.036335377574712,121.21669381857234","24.98217021483379,121.21669381857234","25.00925279620425,121.24640199919753","25.00925279620425,121.18698563794715"
7,高鐵桃園站特區,中壢區,青平段,364,6368.27,商業區,桃園市,"25.00725489060657,121.217431426055",24,4,4,"25.00925279620425,121.21669381857234","25.036335377574712,121.21669381857234","24.98217021483379,121.21669381857234","25.00925279620425,121.24640199919753","25.00925279620425,121.18698563794715"
7,高鐵桃園站特區,中壢區,青平段,417,3227.66,商業區,桃園市,"25.00649284392807,121.21542379260818",25,4,4,"25.00925279620425,121.21669381857234","25.036335377574712,121.21669381857234","24.98217021483379,121.21669381857234","25.00925279620425,121.24640199919753","25.00925279620425,121.18698563794715"
7,高鐵桃園站特區,中壢區,青昇段,426,4421.47,商業區,桃園市,"25.01130204492959,121.2200760841369",26,4,4,"25.00925279620425,121.21669381857234","25.036335377574712,121.21669381857234","24.98217021483379,121.21669381857234","25.00925279620425,121.24640199919753","25.00925279620425,121.18698563794715"
7,高鐵桃園站特區,中壢區,青昇段,429,4452.51,商業區,桃園市,"25.01177602725258,121.2195101380429",27,4,4,"25.00925279620425,121.21669381857234","25.036335377574712,121.21669381857234","24.98217021483379,121.21669381857234","25.00925279620425,121.24640199919753","25.00925279620425,121.18698563794715"
8,航空貨運暨客運區重劃區,大園區,客運一段,11,2200.48,商業區,桃園市,"25.06154248959251,121.17671012878084",28,5,5,"25.06030333620801,121.17782860994362","25.08738591757847,121.17782860994362","25.033220754837547,121.17782860994362","25.06030333620801,121.20753679056881","25.06030333620801,121.14812042931842"
8,航空貨運暨客運區重劃區,大園區,客運一段,62,16161.24,商業區,桃園市,"25.05688468927438,121.1741083860318",29,-1,9,"25.05688468927438,121.1741083860318","25.08396727064484,121.1741083860318","25.02980210790392,121.1741083860318","25.05688468927438,121.203816566657","25.05688468927438,121.14440020540661"
8,航空貨運暨客運區重劃區,大園區,客運一段,72,3451.95,商業區,桃園市,"25.059064182823505,121.17894709110638",30,5,5,"25.06030333620801,121.17782860994362","25.08738591757847,121.17782860994362","25.033220754837547,121.17782860994362","25.06030333620801,121.20753679056881","25.06030333620801,121.14812042931842"
9,埔頂市地重劃區,大溪區,仁武段,3,875.72,住宅區,桃園市,"24.89675261122743,121.28430023789518",31,6,6,"24.896507947731436,121.28355860709979","24.923590529101897,121.28355860709979","24.869425366360975,121.28355860709979","24.896507947731436,121.31326678772498","24.896507947731436,121.2538504264746"
9,埔頂市地重劃區,大溪區,仁武段,5,836.4,住宅區,桃園市,"24.89660420145409,121.28453090786876",32,6,6,"24.896507947731436,121.28355860709979","24.923590529101897,121.28355860709979","24.869425366360975,121.28355860709979","24.896507947731436,121.31326678772498","24.896507947731436,121.2538504264746"
9,埔頂市地重劃區,大溪區,仁武段,8,3049.03,住宅區,桃園市,"24.896055570335403,121.28386572002545",33,6,6,"24.896507947731436,121.28355860709979","24.923590529101897,121.28355860709979","24.869425366360975,121.28355860709979","24.896507947731436,121.31326678772498","24.896507947731436,121.2538504264746"
9,埔頂市地重劃區,大溪區,仁武段,15,195.02,住宅區,桃園市,"24.8965555424736,121.2832260131916",34,6,6,"24.896507947731436,121.28355860709979","24.923590529101897,121.28355860709979","24.869425366360975,121.28355860709979","24.896507947731436,121.31326678772498","24.896507947731436,121.2538504264746"
9,埔頂市地重劃區,大溪區,仁武段,16,202.14,住宅區,桃園市,"24.89652878002567,121.28347545861938",35,6,6,"24.896507947731436,121.28355860709979","24.923590529101897,121.28355860709979","24.869425366360975,121.28355860709979","24.896507947731436,121.31326678772498","24.896507947731436,121.2538504264746"
9,埔頂市地重劃區,大溪區,仁武段,18,552.76,住宅區,桃園市,"24.896665025153556,121.2834955751864",36,6,6,"24.896507947731436,121.28355860709979","24.923590529101897,121.28355860709979","24.869425366360975,121.28355860709979","24.896507947731436,121.31326678772498","24.896507947731436,121.2538504264746"
9,埔頂市地重劃區,大溪區,仁武段,39,190.78,住宅區,桃園市,"24.89649715167136,121.28290414810093",37,6,6,"24.896507947731436,121.28355860709979","24.923590529101897,121.28355860709979","24.869425366360975,121.28355860709979","24.896507947731436,121.31326678772498","24.896507947731436,121.2538504264746"
9,埔頂市地重劃區,大溪區,仁武段,41,198.58,住宅區,桃園市,"24.89640469951039,121.28267079591062",38,6,6,"24.896507947731436,121.28355860709979","24.923590529101897,121.28355860709979","24.869425366360975,121.28355860709979","24.896507947731436,121.31326678772498","24.896507947731436,121.2538504264746"
10,新屋中華市地重劃區,新屋區,中華段,353,4296.47,農業區、住宅區,桃園市,"24.970819872549026,121.10767192139926",39,7,7,"24.97091966655907,121.10680096941852","24.99800224792953,121.10680096941852","24.94383708518861,121.10680096941852","24.97091966655907,121.13650915004371","24.97091966655907,121.07709278879332"
10,新屋中華市地重劃區,新屋區,中華段,363,1210.07,住宅區,桃園市,"24.971074945226945,121.10627666115424",40,7,7,"24.97091966655907,121.10680096941852","24.99800224792953,121.10680096941852","24.94383708518861,121.10680096941852","24.97091966655907,121.13650915004371","24.97091966655907,121.07709278879332"
10,新屋中華市地重劃區,新屋區,中華段,364,2249.62,住宅區,桃園市,"24.971284052232598,121.10662803053006",41,7,7,"24.97091966655907,121.10680096941852","24.99800224792953,121.10680096941852","24.94383708518861,121.10680096941852","24.97091966655907,121.13650915004371","24.97091966655907,121.07709278879332"
10,新屋中華市地重劃區,新屋區,中華段,388,1536.94,住宅區,桃園市,"24.97078924612897,121.10684528947392",42,7,7,"24.97091966655907,121.10680096941852","24.99800224792953,121.10680096941852","24.94383708518861,121.10680096941852","24.97091966655907,121.13650915004371","24.97091966655907,121.07709278879332"
10,新屋中華市地重劃區,新屋區,中華段,389,1909.66,住宅區,桃園市,"24.970630216657792,121.10658294453512",43,7,7,"24.97091966655907,121.10680096941852","24.99800224792953,121.10680096941852","24.94383708518861,121.10680096941852","24.97091966655907,121.13650915004371","24.97091966655907,121.07709278879332"
11,變更中壢主要計畫案,新屋區,新洲段,1214,1081.47,住宅區,桃園市,"24.961640445559524,121.14249989390768",44,-1,10,"24.961640445559524,121.14249989390768","24.988723026929986,121.14249989390768","24.934557864189063,121.14249989390768","24.961640445559524,121.17220807453288","24.961640445559524,121.11279171328249"
12,大潭塘背,觀音區,大潭段塘背小段,1613,2008.89,鄉村區乙種建築用地,桃園市,"25.025860974493927,121.0706260800321",45,8,8,"25.026556671127498,121.07055433094357","25.05363925249796,121.07055433094357","24.999474089757037,121.07055433094357","25.026556671127498,121.10026251156876","25.026556671127498,121.04084615031837"
12,大潭塘背,觀音區,大潭段塘背小段,1647,575.16,鄉村區乙種建築用地,桃園市,"25.02725236776107,121.07048258185505",46,8,8,"25.026556671127498,121.07055433094357","25.05363925249796,121.07055433094357","24.999474089757037,121.07055433094357","25.026556671127498,121.10026251156876","25.026556671127498,121.04084615031837"
